{"config_name": "xrp_recursive",
 "logging_level": 0,
 "long": {"auto_unstuck_ema_dist": 0.0,
          "auto_unstuck_wallet_exposure_threshold": 0.0,
          "ddown_factor": 1,
          "ema_span_0": 1,
          "ema_span_1": 1,
          "grid_span":0.03,
          "enabled": true,
          "initial_eprice_ema_dist": -1.0,
          "initial_qty_pct": 0.17,
          "markup_range": 0.003,
          "min_markup": 0.003,
          "n_close_orders": 1,
          "rentry_pprice_dist": 0.03,
          "rentry_pprice_dist_wallet_exposure_weighting": 1,
          "wallet_exposure_limit": 0.7},
 "short": {"auto_unstuck_ema_dist": 0.0,
           "auto_unstuck_wallet_exposure_threshold": 0.0,
           "ddown_factor": 1,
           "ema_span_0": 1,
           "ema_span_1": 1,         
           "grid_span": 0.03,
           "enabled": true,
           "initial_eprice_ema_dist": -1.0,
           "initial_qty_pct": 0.17,
           "markup_range": 0.003,
           "min_markup": 0.003,
           "n_close_orders": 1,
           "rentry_pprice_dist": 0.03,           
           "rentry_pprice_dist_wallet_exposure_weighting": 1,          
           "wallet_exposure_limit": 0.7}}



