{"config_name": "recursive_grid_118_symbols_683days",
 "logging_level": 0,
 "long": {"auto_unstuck_ema_dist": 0.0019391572496129435,
          "auto_unstuck_wallet_exposure_threshold": 0.044528321840958944,
          "backwards_tp": true,
          "ddown_factor": 1.224375160419077,
          "ema_span_0": 1076.6587443009,
          "ema_span_1": 1187.7871298718173,
          "enabled": true,
          "initial_eprice_ema_dist": 0.007523724212829893,
          "initial_qty_pct": 0.015,
          "markup_range": 0.007254654150028206,
          "min_markup": 0.0030598609160217625,
          "n_close_orders": 13,
          "rentry_pprice_dist": 0.03863683327619397,
          "rentry_pprice_dist_wallet_exposure_weighting": 0.4693269437233695,
          "wallet_exposure_limit": 0.1},
 "short": {"auto_unstuck_ema_dist": 0.002009296387350128,
           "auto_unstuck_wallet_exposure_threshold": 0.08002480908575456,
           "backwards_tp": true,
           "ddown_factor": 0.26224255571672533,
           "ema_span_0": 3895.5544068711365,
           "ema_span_1": 10079.734473634135,
           "enabled": true,
           "initial_eprice_ema_dist": -0.06579348877665478,
           "initial_qty_pct": 0.015,
           "markup_range": 0.014646281970597362,
           "min_markup": 0.003644775732237631,
           "n_close_orders": 14,
           "rentry_pprice_dist": 0.04696705916756642,
           "rentry_pprice_dist_wallet_exposure_weighting": 89.99476344700297,
           "wallet_exposure_limit": 0.05}}
