{"config_name": "static_grid_118_symbols_683days",
 "logging_level": 0,
 "long": {"auto_unstuck_ema_dist": 0.01676344226553098,
          "auto_unstuck_wallet_exposure_threshold": 0.1,
          "backwards_tp": true,
          "ema_span_0": 1,
          "ema_span_1": 1,
          "enabled": true,
          "eprice_exp_base": 1.0,
          "eprice_pprice_diff": 0.04973332928054233,
          "grid_span": 0.37319616544019824,
          "initial_eprice_ema_dist": -0.041490979006885385,
          "initial_qty_pct": 0.015,
          "markup_range": 0.04,
          "max_n_entry_orders": 11,
          "min_markup": 0.003,
          "n_close_orders": 8,
          "secondary_allocation": 0,
          "secondary_pprice_diff": 0.0814578629877079,
          "wallet_exposure_limit": 0.1},
 "short": {"auto_unstuck_ema_dist": 0.02,
           "auto_unstuck_wallet_exposure_threshold": 0.01,
           "backwards_tp": true,
           "ema_span_0": 1,
           "ema_span_1": 1,
           "enabled": true,
           "eprice_exp_base": 1.9035509396568349,
           "eprice_pprice_diff": 0.04908051871359724,
           "grid_span": 0.5277691820128494,
           "initial_eprice_ema_dist": 0.01,
           "initial_qty_pct": 0.015,
           "markup_range": 5.476933199347456e-05,
           "max_n_entry_orders": 9,
           "min_markup": 0.002690111798761108,
           "n_close_orders": 9,
           "secondary_allocation": 0.5876491107026843,
           "secondary_pprice_diff": 0.40338712809793054,
           "wallet_exposure_limit": 0.1}}

