{"config_name": "static_grid_118_symbols_683days",
 "logging_level": 0,
 "long": {"auto_unstuck_ema_dist": 0.03,
          "auto_unstuck_wallet_exposure_threshold": 0.5,
          "backwards_tp": true,
          "ema_span_0": 1,
          "ema_span_1": 1,
          "enabled": true,
          "eprice_exp_base": 1.0,
          "eprice_pprice_diff": 0.03,
          "grid_span": 0.03,
          "initial_eprice_ema_dist": -0.01,
          "initial_qty_pct": 0.01,
          "markup_range": 0.04,
          "max_n_entry_orders": 11,
          "min_markup": 0.003,
          "n_close_orders": 8,
          "secondary_allocation": 0,
          "secondary_pprice_diff": 0.0814578629877079,
          "wallet_exposure_limit": 0.5},
 "short": {"auto_unstuck_ema_dist": 0.03,
           "auto_unstuck_wallet_exposure_threshold": 0.5,
           "backwards_tp": true,
           "ema_span_0": 1,
           "ema_span_1": 1,
           "enabled": true,
           "eprice_exp_base": 1.9035509396568349,
           "eprice_pprice_diff": 0.03,
           "grid_span": 0.03,
           "initial_eprice_ema_dist": 0.01,
           "initial_qty_pct": 0.01,
           "markup_range": 0.0005,
           "max_n_entry_orders": 9,
           "min_markup": 0.002690111798761108,
           "n_close_orders": 9,
           "secondary_allocation": 0.5876491107026843,
           "secondary_pprice_diff": 0.40338712809793054,
           "wallet_exposure_limit": 0.5}}
