{
    "referrals": {
        "binance": "https://accounts.binance.me/en/register?ref=TII4B07C",
        "bybit": "https://partner.bybit.com/b/passivbot",
        "bitget": "https://partner.bitget.com/bg/Y8FU1W",
        "okx": "https://www.okx.com/join/15429595"
    },
    "binance_01" : {
        "exchange": "binance",
        "key": "key",
        "secret": "secret"
    },
    "binance_02" : {
        "exchange": "binance",
        "key": "key",
        "secret": "secret"
    },
    "siryefers" : {
        "exchange": "bybit",
        "key": "TaA9I0HlOocGdMhkEX",
        "secret": "t3pxWxiZ7X0gVqwomdXW0ziKG46e35gpGFPG"
    },
    "bitget_01" : {
        "exchange": "bitget",
        "key": "key",
        "secret": "secret",
        "passphrase": "passphrase"
    },
    "okx_01" : {
        "exchange": "okx",
        "key": "key",
        "secret": "secret",
        "passphrase": "passphrase"
    }
}
